block,registration_gap,pct_registered,total_eligible_to_vote,registered_total,hisp_registration_gap,pct_hisp_registered,total_eligible_hispanic,registered_hisp_total,registered_1824_total,registered_2534_total,registered_3544_total
060816103021029,419,0.11789473684210526,475,56,182,0.026737967914438502,187,5,3,5,11
060816102014000,389,0.36644951140065146,614,225,181,0.28174603174603174,252,71,21,33,15
060816102012003,219,0.43116883116883115,385,166,268,0.25555555555555554,360,92,23,29,28
060816102022027,214,0.04035874439461883,223,9,119,0.01652892561983471,121,2,0,5,3
060816103033002,172,0.7666214382632293,737,565,-18,1.5,36,54,58,75,98
060816108001000,167,0.5570291777188329,377,210,88,0.40939597315436244,149,61,29,52,43
060816103034008,137,0.5054151624548736,277,140,5,0.8214285714285714,28,23,11,57,30
060816104001002,131,0.4018264840182648,219,88,81,0.3816793893129771,131,50,22,23,14
060816102032010,122,0.4106280193236715,207,85,123,0.2634730538922156,167,44,14,27,11
060816102022010,121,0.032,125,4,6,0.25,8,2,0,1,0
060816104002003,118,0.44339622641509435,212,94,85,0.38405797101449274,138,53,34,22,12
060816103042013,115,0.608843537414966,294,179,31,0.24390243902439024,41,10,8,17,41
060816110004005,114,0.6027874564459931,287,173,12,0.8208955223880597,67,55,17,33,46
060816103042004,110,0.3413173652694611,167,57,15,0.2857142857142857,21,6,0,7,13
060816110004016,106,0.4143646408839779,181,75,15,0.4230769230769231,26,11,2,33,25
060816102012000,103,0.6750788643533123,317,214,157,0.46779661016949153,295,138,30,60,34
060816104001010,103,0.4245810055865922,179,76,49,0.3950617283950617,81,32,10,22,18
060816108003000,91,0.5806451612903226,217,126,4,0.9384615384615385,65,61,27,38,23
060816110003001,88,0.6628352490421456,261,173,2,0.9354838709677419,31,29,13,20,35
060816102014004,84,0.4782608695652174,161,77,44,0.47619047619047616,84,40,19,17,9
060816100003010,83,0.8033175355450237,422,339,6,0.9166666666666666,72,66,38,124,48
060816107004003,83,0.5931372549019608,204,121,18,0.55,40,22,13,34,28
060816103042026,82,0.7050359712230215,278,196,12,0.52,25,13,7,35,36
060816102011015,81,0.5824742268041238,194,113,28,0.6956521739130435,92,64,23,18,15
060816102014011,76,0.17391304347826086,92,16,54,0.06896551724137931,58,4,5,3,2
060816107002004,75,0.24242424242424243,99,24,19,0.4722222222222222,36,17,8,5,1
060816103033005,72,0.04,75,3,2,0,2,0,0,0,1
060816103035002,72,0.6785714285714286,224,152,0,1,6,6,11,18,29
060816103035001,70,0.5757575757575758,165,95,6,0,6,0,6,7,14
060816104001001,66,0.6632653061224489,196,130,61,0.47863247863247865,117,56,26,20,19
060816109021013,66,0.7708333333333334,288,222,3,0.9666666666666667,90,87,34,55,49
060816108002001,65,0.5454545454545454,143,78,15,0.7272727272727273,55,40,16,25,14
060816108001005,64,0.5524475524475524,143,79,22,0.6666666666666666,66,44,22,29,14
060816113002019,62,0.21518987341772153,79,17,37,0.17777777777777778,45,8,5,5,3
060816102011013,61,0.5734265734265734,143,82,11,0.65625,32,21,8,33,16
060816102032008,61,0.32967032967032966,91,30,65,0.2441860465116279,86,21,6,7,4
060816104001006,61,0.7109004739336493,211,150,36,0.5764705882352941,85,49,27,34,18
060816108001004,61,0.680628272251309,191,130,20,0.696969696969697,66,46,21,37,21
060816102022026,57,0.8553299492385786,394,337,12,0.6,30,18,21,194,68
060816108002000,57,0.7466666666666667,225,168,7,0.9054054054054054,74,67,17,50,38
060816102011017,55,0.36046511627906974,86,31,23,0.43902439024390244,41,18,7,9,5
060816108001006,55,0.6496815286624203,157,102,2,0.9047619047619048,21,19,10,29,9
060816102012001,52,0.792,250,198,86,0.5763546798029556,203,117,30,44,18
060816103021019,52,0.018867924528301886,53,1,24,0,24,0,0,0,1
060816102022005,50,0.834983498349835,303,253,19,0.5681818181818182,44,25,20,136,56
060816107001007,50,0.8245614035087719,285,235,-17,1.7391304347826086,23,40,11,22,11
060816107001003,49,0.6370370370370371,135,86,-4,1.1142857142857143,35,39,12,16,15
060816110003000,49,0.6733333333333333,150,101,1,0.9,10,9,9,13,12
060816112001017,48,0.4782608695652174,92,44,16,0.2,20,4,3,5,7
060816107004006,47,0.6887417218543046,151,104,13,0.6578947368421053,38,25,9,23,25
060816110003006,47,0.4125,80,33,6,0.6470588235294118,17,11,1,2,7
060816110001006,46,0.5740740740740741,108,62,12,0.5,24,12,5,16,5
060816110003005,46,0.7628865979381443,194,148,-4,1.2352941176470589,17,21,11,21,33
060816113004015,46,0.7486338797814208,183,137,4,0.84,25,21,8,32,19
060816108001001,45,0.8288973384030418,263,218,12,0.8620689655172413,87,75,24,57,44
060816103042022,44,0.65625,128,84,12,0.3333333333333333,18,6,6,6,16
060816110001008,42,0.7910447761194029,201,159,66,0.34,100,34,18,32,31
060816099001018,41,0.5729166666666666,96,55,-3,1.5,6,9,6,6,10
060816102014001,41,0.32786885245901637,61,20,23,0.20689655172413793,29,6,2,5,7
060816102022009,41,0.046511627906976744,43,2,18,0.05263157894736842,19,1,1,1,0
060816103043008,41,0.19607843137254902,51,10,6,0.14285714285714285,7,1,0,1,3
060816113004008,40,0.574468085106383,94,54,15,0.5833333333333334,36,21,9,10,12
060816101001010,39,0.4,65,26,24,0.29411764705882354,34,10,4,7,4
060816107003001,39,0.8792569659442725,323,284,4,0.9024390243902439,41,37,24,76,50
060816109011003,39,0.6454545454545455,110,71,46,0.4177215189873418,79,33,12,24,12
060816100001016,38,0.5365853658536586,82,44,1,0.9230769230769231,13,12,6,7,7
060816101001026,38,0.5064935064935064,77,39,19,0.4411764705882353,34,15,4,16,7
060816102022020,37,0.6636363636363637,110,73,-1,1.125,8,9,7,47,13
060816108003001,37,0.6605504587155964,109,72,13,0.7592592592592593,54,41,15,21,8
060816109021001,37,0.7016129032258065,124,87,8,0.8490566037735849,53,45,23,22,13
060816101001024,36,0.45454545454545453,66,30,18,0.5609756097560976,41,23,12,5,1
060816108001003,36,0.7534246575342466,146,110,13,0.7450980392156863,51,38,12,24,20
060816100001001,35,0.7388059701492538,134,99,14,0.5,28,14,10,34,19
060816103034003,34,0.02857142857142857,35,1,4,0,4,0,0,0,0
060816110001005,34,0.6565656565656566,99,65,19,0.4864864864864865,37,18,6,16,4
060816102031005,33,0.32653061224489793,49,16,29,0.19444444444444445,36,7,6,3,2
060816110001012,33,0.5217391304347826,69,36,42,0.27586206896551724,58,16,5,9,8
060816109011004,32,0.6767676767676768,99,67,35,0.43548387096774194,62,27,14,19,12
060816110004002,32,0.8844765342960289,277,245,-18,1.3461538461538463,52,70,27,47,39
060816103042002,31,0.7832167832167832,143,112,-10,6,2,12,6,11,27
060816104001003,31,0.8,155,124,16,0.6981132075471698,53,37,14,19,25
060816110001014,31,0.7181818181818181,110,79,24,0.3142857142857143,35,11,4,23,20
060816103042005,30,0.5833333333333334,72,42,5,0,5,0,3,7,7
060816112001015,30,0.45454545454545453,55,25,2,0.3333333333333333,3,1,0,0,9
060816110001013,29,0.4727272727272727,55,26,27,0.20588235294117646,34,7,2,7,5
060816111003008,29,0.9422310756972112,502,473,27,0.6029411764705882,68,41,31,69,104
060816102022008,28,0.06666666666666667,30,2,14,0,14,0,0,1,0
060816107004002,28,0.8333333333333334,168,140,7,0.7407407407407407,27,20,13,23,31
060816100002011,27,0.5,54,27,14,0.125,16,2,4,2,4
060816101001029,27,0.46,50,23,7,0.125,8,1,2,4,5
060816109011005,27,0.6493506493506493,77,50,34,0.41379310344827586,58,24,6,10,8
060816100001011,26,0.543859649122807,57,31,6,0.7391304347826086,23,17,3,13,4
060816102011000,26,0.037037037037037035,27,1,8,0.1111111111111111,9,1,0,0,1
060816102021026,26,0.7936507936507936,126,100,2,0.8,10,8,5,37,30
060816107002005,26,0.3333333333333333,39,13,-1,1.0909090909090908,11,12,2,4,3
060816108001002,26,0.7886178861788617,123,97,22,0.5217391304347826,46,24,11,16,15
060816108003002,26,0.7952755905511811,127,101,-1,1.02,50,51,21,26,12
060816104003002,25,0.6875,80,55,5,0.8863636363636364,44,39,5,14,8
060816110001007,25,0.7448979591836735,98,73,13,0.5666666666666667,30,17,3,22,18
060816102014009,24,0.5384615384615384,52,28,13,0.43478260869565216,23,10,7,8,4
060816103042021,24,0.68,75,51,2,0.6,5,3,2,6,13
060816104003008,24,0.76,100,76,7,0.875,56,49,16,17,15
060816110001003,24,0.5294117647058824,51,27,21,0.2222222222222222,27,6,3,5,5
060816110002010,24,0.7,80,56,39,0.3275862068965517,58,19,6,7,13
060816111002025,24,0.6842105263157895,76,52,1,0.8333333333333334,6,5,4,4,18
060816113004009,24,0.8032786885245902,122,98,-1,2,1,2,3,8,11
060816098002020,23,0.7415730337078652,89,66,6,0.5384615384615384,13,7,4,6,10
060816101001013,23,0.603448275862069,58,35,13,0.5185185185185185,27,14,12,10,4
060816109011020,23,0.7676767676767676,99,76,27,0.41304347826086957,46,19,9,24,18
060816109021010,23,0.7325581395348837,86,63,8,0.7037037037037037,27,19,9,14,9
060816110001000,23,0.7088607594936709,79,56,28,0.2631578947368421,38,10,6,14,7
060816111001000,23,0.7722772277227723,101,78,-1,1.0526315789473684,19,20,13,14,17
060816111002010,23,0.640625,64,41,5,0.4444444444444444,9,4,2,7,8
060816102031003,22,0.7471264367816092,87,65,29,0.5606060606060606,66,37,12,19,8
060816102032006,22,0.7283950617283951,81,59,23,0.6166666666666667,60,37,8,15,8
060816109011002,22,0.725,80,58,18,0.55,40,22,5,21,11
060816110003004,22,0.9102040816326531,245,223,-1,1.0476190476190477,21,22,10,28,35
060816113002013,22,0.3333333333333333,33,11,3,0.7272727272727273,11,8,2,2,2
060816104001009,21,0.7878787878787878,99,78,16,0.6981132075471698,53,37,9,23,12
060816111002006,21,0.8157894736842105,114,93,4,0.7333333333333333,15,11,1,17,27
060816103034001,20,0.047619047619047616,21,1,2,0,2,0,0,0,1
060816103043003,20,0.696969696969697,66,46,7,0,7,0,8,7,5
060816104002001,20,0.6078431372549019,51,31,15,0.4642857142857143,28,13,3,7,8
060816113004001,20,0.47368421052631576,38,18,5,0,5,0,1,0,4
060816098003000,19,0.5957446808510638,47,28,3,0.625,8,5,3,4,7
060816100003007,19,0.6346153846153846,52,33,17,0.2608695652173913,23,6,2,5,6
060816101001019,19,0.6935483870967742,62,43,20,0.3939393939393939,33,13,7,12,8
060816102012004,19,0.5681818181818182,44,25,17,0.43333333333333335,30,13,2,5,5
060816102012006,19,0.3870967741935484,31,12,25,0.16666666666666666,30,5,3,3,2
060816104003006,19,0.7361111111111112,72,53,18,0.6,45,27,11,10,13
060816109022015,19,0.75,76,57,1,0.9473684210526315,19,18,5,16,11
060816110002009,19,0.7934782608695652,92,73,29,0.3958333333333333,48,19,4,13,24
060816111001010,19,0.6724137931034483,58,39,7,0.3,10,3,2,7,6
060816098003005,18,0.6170212765957447,47,29,9,0,9,0,6,3,4
060816099002009,18,0.7804878048780488,82,64,2,0.8571428571428571,14,12,6,3,6
060816100002004,18,0.7352941176470589,68,50,-1,2,1,2,4,5,10
060816100002018,18,0.5,36,18,5,0.375,8,3,0,1,4
060816101001027,18,0.6470588235294118,51,33,9,0.6086956521739131,23,14,6,11,6
060816102013007,18,0.5609756097560976,41,23,-3,1.2307692307692308,13,16,9,7,1
060816102022046,18,0.9010989010989011,182,164,9,0.4,15,6,12,92,38
060816107001005,18,0.7906976744186046,86,68,-2,1.1333333333333333,15,17,6,20,9
060816107003000,18,0.8646616541353384,133,115,1,0.9761904761904762,42,41,11,33,19
060816107004009,18,0.8333333333333334,108,90,8,0.7777777777777778,36,28,8,21,16
060816101001012,17,0.5641025641025641,39,22,5,0.6153846153846154,13,8,2,4,4
060816107002014,17,0.2916666666666667,24,7,2,0.7142857142857143,7,5,4,2,0
060816109011010,17,0.75,68,51,29,0.30952380952380953,42,13,9,11,9
060816109021007,17,0.8131868131868132,91,74,-5,1.15625,32,37,13,16,9
060816099002022,16,0.7894736842105263,76,60,13,0.3157894736842105,19,6,4,5,16
060816100001000,16,0.84,100,84,-6,2.2,5,11,7,32,17
060816100002003,16,0.7837837837837838,74,58,3,0.7272727272727273,11,8,8,6,4
060816101001021,16,0.6097560975609756,41,25,13,0.23529411764705882,17,4,3,5,1
060816102031004,16,0.6190476190476191,42,26,17,0.5405405405405406,37,20,6,5,4
060816103021015,16,0.058823529411764705,17,1,5,0,5,0,0,0,1
060816103035003,16,0.8558558558558559,111,95,-3,1.75,4,7,6,7,16
060816107001002,16,0.6,40,24,7,0.4166666666666667,12,5,3,7,5
060816109022012,16,0.8117647058823529,85,69,9,0.5714285714285714,21,12,9,7,16
060816110002001,16,0.5897435897435898,39,23,6,0.14285714285714285,7,1,0,5,5
060816111002005,16,0.7777777777777778,72,56,5,0.6428571428571429,14,9,7,10,7
060816098002001,15,0.7619047619047619,63,48,9,0.4375,16,7,3,13,7
060816099002028,15,0.6938775510204082,49,34,8,0.1111111111111111,9,1,2,7,8
060816102022045,15,0.5454545454545454,33,18,7,0.631578947368421,19,12,3,2,6
060816102031013,15,0.6428571428571429,42,27,16,0.5294117647058824,34,18,9,5,4
060816104001008,15,0.8636363636363636,110,95,9,0.8269230769230769,52,43,10,28,21
060816104002004,15,0.8648648648648649,111,96,-4,1.0655737704918034,61,65,14,27,19
060816109022002,15,0.8076923076923077,78,63,2,0.8461538461538461,13,11,6,10,15
060816110001010,15,0.71698113207547165,53,38,11,0.56,25,14,5,4,5
060816111001001,15,0.8571428571428571,105,90,-3,1.3,10,13,8,15,11
060816098001001,14,0.8571428571428571,98,84,50,0.05660377358490566,53,3,5,20,20
060816098004003,14,0.44,25,11,1,0.5,2,1,2,3,0
060816100001022,14,0.17647058823529413,17,3,2,0.3333333333333333,3,1,0,1,0
060816100002007,14,0.7358490566037735,53,39,7,0.6111111111111112,18,11,1,7,7
060816102011010,14,0.06666666666666667,15,1,5,0,5,0,0,0,0
060816102021001,14,0.7021276595744681,47,33,1,0.9166666666666666,12,11,0,0,0
060816107004011,14,0.8526315789473684,95,81,-3,1.12,25,28,2,28,19
060816110004004,14,0.5625,32,18,1,0.875,8,7,0,6,6
060816111002014,14,0.3333333333333333,21,7,1,0,1,0,0,1,0
060816111003002,14,0.5882352941176471,34,20,4,0.3333333333333333,6,2,5,2,0
060816098002026,13,0.87,100,87,3,0.75,12,9,8,10,11
060816098004000,13,0.8505747126436781,87,74,5,0.7222222222222222,18,13,3,13,13
060816099001006,13,0.7636363636363637,55,42,-1,1.1428571428571428,7,8,3,7,6
060816101001014,13,0.23529411764705882,17,4,8,0.2,10,2,0,2,1
060816101001020,13,0.7346938775510204,49,36,6,0.5714285714285714,14,8,2,15,6
060816101002005,13,0.7111111111111111,45,32,7,0.2222222222222222,9,2,2,4,15
060816102012007,13,0.4583333333333333,24,11,18,0.3793103448275862,29,11,1,2,0
060816102014003,13,0.6976744186046512,43,30,0,1,22,22,8,1,4
060816102022040,13,0.675,40,27,10,0.5238095238095238,21,11,2,9,2
060816103031001,13,0.912751677852349,149,136,-12,Inf,0,12,24,8,16
060816111001018,13,0.8333333333333334,78,65,-5,Inf,0,5,7,8,10
060816112002013,13,0.8631578947368421,95,82,-5,1.4545454545454546,11,16,6,14,19
060816097002041,12,0.7818181818181819,55,43,2,0.3333333333333333,3,1,2,1,11
060816101001005,12,0.6363636363636364,33,21,8,0.5555555555555556,18,10,2,3,7
060816102012008,12,0.6571428571428571,35,23,22,0.4883720930232558,43,21,2,5,5
060816102014006,12,0.7209302325581395,43,31,6,0.6842105263157895,19,13,4,10,4
060816102032003,12,0.7735849056603774,53,41,18,0.45454545454545453,33,15,13,11,7
060816103031008,12,0.9,120,108,-5,Inf,0,5,4,5,25
060816109011011,12,0.8461538461538461,78,66,21,0.4166666666666667,36,15,8,20,7
060816109021000,12,0.8588235294117647,85,73,1,0.9642857142857143,28,27,12,16,7
060816111003007,12,0.2,15,3,0,NA,0,0,0,0,2
060816113004005,12,0.875,96,84,5,0.375,8,3,0,16,11
060816098002013,11,0.3125,16,5,7,0,7,0,1,0,0
060816101001022,11,0.7380952380952381,42,31,8,0.42857142857142855,14,6,1,11,6
060816102021021,11,0.08333333333333333,12,1,6,0,6,0,0,0,0
060816102022025,11,0.35294117647058826,17,6,6,0.3333333333333333,9,3,0,1,2
060816102031009,11,0.5217391304347826,23,12,11,0.45,20,9,1,5,0
060816102032001,11,0.6666666666666666,33,22,8,0.3333333333333333,12,4,1,5,8
060816109022005,11,0.8225806451612904,62,51,4,0.84,25,21,7,15,6
060816110003002,11,0.5769230769230769,26,15,1,0,1,0,0,5,2
060816110003003,11,0.8493150684931506,73,62,-6,1.8571428571428572,7,13,5,10,15
060816111002035,11,0.56,25,14,1,0,1,0,1,3,0
060816112002007,11,0.8865979381443299,97,86,15,0.2857142857142857,21,6,10,8,18
060816112002017,11,0.7962962962962963,54,43,8,0.2,10,2,5,5,8
060816098003001,10,0.8245614035087719,57,47,9,0.47058823529411764,17,8,2,11,10
060816099002006,10,0.8611111111111112,72,62,13,0.3157894736842105,19,6,10,12,4
060816099002021,10,0.868421052631579,76,66,0,1,11,11,3,9,8
060816100002015,10,0.8,50,40,4,0.6666666666666666,12,8,0,4,8
060816100003008,10,0.8461538461538461,65,55,3,0.8421052631578947,19,16,4,13,9
060816102021019,10,0.09090909090909091,11,1,4,0,4,0,0,0,0
060816102031002,10,0.23076923076923078,13,3,9,0.25,12,3,1,1,0
060816103031015,10,0.23076923076923078,13,3,0,NA,0,0,1,0,0
060816103033006,10,0.8214285714285714,56,46,-2,3,1,3,4,4,16
060816104002006,10,0.8611111111111112,72,62,-7,1.28,25,32,5,18,7
060816104003003,10,0.868421052631579,76,66,7,0.8157894736842105,38,31,5,14,18
060816107002002,10,0.23076923076923078,13,3,1,0.5,2,1,0,0,0
060816110001011,10,0.8701298701298701,77,67,7,0.46153846153846156,13,6,5,17,14
060816110002000,10,0.5238095238095238,21,11,5,0.16666666666666666,6,1,0,7,2
060816110002004,10,0.7368421052631579,38,28,10,0.3333333333333333,15,5,1,4,7
060816111001017,10,0.8901098901098901,91,81,9,0.1,10,1,7,7,16
060816111002017,10,0.8360655737704918,61,51,1,0.875,8,7,9,5,15
060816111002019,10,0.6428571428571429,28,18,0,1,2,2,0,0,4
060816098001003,9,0.8615384615384616,65,56,3,0.625,8,5,6,3,13
060816098002012,9,0.25,12,3,5,0,5,0,0,0,0
060816098002027,9,0.7906976744186046,43,34,0,1,2,2,1,2,3
060816098003012,9,0.8125,48,39,-2,2,2,4,5,7,1
060816098004013,9,0.8448275862068966,58,49,-1,1.2,5,6,4,5,8
060816098004016,9,0.7428571428571429,35,26,1,0,1,0,3,4,3
060816099001012,9,0.8636363636363636,66,57,2,0.8571428571428571,14,12,11,3,1
060816100001002,9,0.9343065693430657,137,128,-5,1.3571428571428572,14,19,10,31,19
060816100002017,9,0.8333333333333334,54,45,11,0.3125,16,5,5,2,7
060816102011009,9,0.3076923076923077,13,4,5,0.2857142857142857,7,2,0,1,1
060816102011016,9,0.7906976744186046,43,34,-1,1.037037037037037,27,28,3,11,6
060816102014008,9,0.7692307692307693,39,30,6,0.5,12,6,3,10,6
060816102022003,9,0.4375,16,7,0,1,2,2,2,1,1
060816102022028,9,0.25,12,3,0,NA,0,0,0,0,0
060816103031004,9,0.7804878048780488,41,32,0,NA,0,0,1,5,7
060816103043007,9,0.7692307692307693,39,30,-3,Inf,0,3,3,5,6
060816109021002,9,0.55,20,11,2,0.6666666666666666,6,4,0,3,3
060816110002015,9,0.7428571428571429,35,26,0,1,7,7,3,6,5
060816111002030,9,0.5,18,9,3,0.25,4,1,0,1,2
060816111002032,9,0.5714285714285714,21,12,3,0,3,0,3,2,1
060816111003011,9,0.1,10,1,6,0,6,0,0,0,0
060816112002003,9,0.8,45,36,7,0.36363636363636365,11,4,1,6,15
060816097002047,8,0.6521739130434783,23,15,4,0.5,8,4,2,2,1
060816098002004,8,0.9012345679012346,81,73,6,0.5384615384615384,13,7,8,13,3
060816099002014,8,0.3333333333333333,12,4,4,0,4,0,1,0,1
060816099002024,8,0.7241379310344828,29,21,1,0.6666666666666666,3,2,0,1,6
060816100002009,8,0.8571428571428571,56,48,2,0.6666666666666666,6,4,6,2,7
060816104001007,8,0.9375,128,120,5,0.8888888888888888,45,40,13,29,22
060816104002002,8,0.950920245398773,163,155,4,0.9607843137254902,102,98,25,46,29
060816104003001,8,0.9540229885057471,174,166,2,0.975,80,78,25,34,35
060816104003005,8,0.8918918918918919,74,66,4,0.9024390243902439,41,37,12,14,8
060816107004008,8,0.9230769230769231,104,96,-5,1.25,20,25,13,14,13
060816109012004,8,0.8787878787878788,66,58,13,0.6060606060606061,33,20,4,17,14
060816110001015,8,0.5555555555555556,18,10,6,0.4,10,4,0,5,1
060816110004000,8,0.7948717948717948,39,31,0,1,3,3,3,2,4
060816111002007,8,0.8545454545454545,55,47,1,0.8,5,4,5,5,12
060816112001005,8,0.7333333333333333,30,22,4,0.6,10,6,0,8,3
060816098001011,7,0.9125,80,73,23,0.34285714285714286,35,12,4,11,17
060816098001012,7,0.5882352941176471,17,10,1,0.5,2,1,2,3,0
060816098002028,7,0.8870967741935484,62,55,-4,2,4,8,2,9,11
060816098003006,7,0.8157894736842105,38,31,-10,6,2,12,4,8,6
060816100002006,7,0.8292682926829268,41,34,9,0,9,0,1,5,6
060816100003004,7,0.8205128205128205,39,32,-4,2.3333333333333335,3,7,3,12,6
060816101002006,7,0.7878787878787878,33,26,3,0.6666666666666666,9,6,2,2,11
060816102021004,7,0.125,8,1,5,0,5,0,0,0,0
060816102022035,7,0.125,8,1,4,0,4,0,0,1,0
060816103031009,7,0.36363636363636365,11,4,0,NA,0,0,0,1,1
060816103033004,7,0.5625,16,9,0,1,1,1,1,0,6
060816107002009,7,0.9548387096774194,155,148,-8,1.5714285714285714,14,22,14,50,20
060816109011013,7,0.6956521739130435,23,16,1,0.75,4,3,1,1,4
060816109022018,7,0.8955223880597015,67,60,-5,1.5,10,15,7,10,17
060816110004001,7,0.7586206896551724,29,22,-3,4,1,4,1,4,3
060816110004012,7,0.8444444444444444,45,38,1,0.875,8,7,5,8,4
060816111002000,7,0.72,25,18,0,1,2,2,2,2,5
060816111002023,7,0.8157894736842105,38,31,-2,1.3333333333333333,6,8,3,3,6
060816111002024,7,0.7307692307692307,26,19,-9,4,3,12,3,2,1
060816113002018,7,0.6111111111111112,18,11,0,1,1,1,0,7,3
060816113004013,7,0.8409090909090909,44,37,4,0,4,0,5,3,6
060816113004017,7,0.7941176470588235,34,27,2,0.6,5,3,4,0,6
060816097002034,6,0.7142857142857143,21,15,2,0,2,0,1,1,1
060816098002005,6,0.7,20,14,2,0,2,0,0,1,3
060816098002025,6,0.8695652173913043,46,40,1,0.8,5,4,2,1,9
060816098003004,6,0.7692307692307693,26,20,1,0.75,4,3,3,1,4
060816098003008,6,0.8461538461538461,39,33,-3,Inf,0,3,3,7,8
060816098003013,6,0.8125,32,26,1,0.75,4,3,1,4,2
060816098004001,6,0.8775510204081632,49,43,-3,1.5,6,9,5,7,6
060816098004004,6,0.8285714285714286,35,29,-5,2.25,4,9,1,3,5
060816098004012,6,0.88,50,44,1,0.875,8,7,3,7,10
060816099001007,6,0.875,48,42,-3,1.375,8,11,6,2,9
060816099002004,6,0.8909090909090909,55,49,1,0.75,4,3,3,5,9
060816099002018,6,0.925,80,74,12,0.29411764705882354,17,5,11,7,12
060816099002025,6,0.76,25,19,6,0,6,0,2,1,1
060816101001006,6,0.6,15,9,5,0.16666666666666666,6,1,1,5,1
060816101001030,6,0.9117647058823529,68,62,5,0.6666666666666666,15,10,5,19,9
060816102012005,6,0.8378378378378378,37,31,14,0.5882352941176471,34,20,3,5,4
060816102013005,6,0.8064516129032258,31,25,-1,1.0909090909090908,11,12,6,8,1
060816102022043,6,0.4,10,4,5,0,5,0,0,3,0
060816102032002,6,0.9047619047619048,63,57,21,0.475,40,19,7,21,4
060816103031005,6,0.9285714285714286,84,78,-12,Inf,0,12,8,7,8
060816103032018,6,0.8536585365853658,41,35,0,NA,0,0,2,5,9
060816103032023,6,0.8421052631578947,38,32,0,1,2,2,2,3,5
060816107002010,6,0.7272727272727273,22,16,0,1,5,5,2,3,1
060816109011008,6,0.8064516129032258,31,25,7,0.631578947368421,19,12,7,8,2
060816109011019,6,0.9361702127659575,94,88,29,0.2564102564102564,39,10,11,19,12
060816109021008,6,0.9210526315789473,76,70,-16,1.8,20,36,9,21,17
060816109022011,6,0.8125,32,26,4,0.6666666666666666,12,8,4,3,4
060816110002002,6,0.5384615384615384,13,7,2,0,2,0,0,1,3
060816111001007,6,0.8285714285714286,35,29,2,0.3333333333333333,3,1,1,3,8
060816111001014,6,0.8235294117647058,34,28,-5,6,1,6,3,7,0
060816098003011,5,0.8809523809523809,42,37,0,1,6,6,2,3,9
060816098004005,5,0.9090909090909091,55,50,-3,Inf,0,3,1,4,14
060816098004010,5,0.8529411764705882,34,29,0,1,1,1,1,2,8
060816098004015,5,0.8837209302325582,43,38,-5,6,1,6,0,7,2
060816099002008,5,0.9166666666666666,60,55,5,0.375,8,3,3,7,6
060816100002010,5,0.8913043478260869,46,41,5,0.4444444444444444,9,4,2,8,4
060816100002016,5,0.9122807017543859,57,52,0,1,1,1,5,2,11
060816102012002,5,0.9152542372881356,59,54,17,0.6792452830188679,53,36,5,11,13
060816103021022,5,0.7916666666666666,24,19,3,0.5714285714285714,7,4,1,3,4
060816103032006,5,0.7222222222222222,18,13,2,0.5,4,2,0,1,7
060816103032016,5,0.8148148148148148,27,22,-2,3,1,3,3,3,2
060816103042016,5,0.7619047619047619,21,16,3,0,3,0,0,1,2
060816107001006,5,0.9152542372881356,59,54,-8,1.5714285714285714,14,22,8,12,5
060816109011000,5,0.8529411764705882,34,29,-4,1.8,5,9,2,16,5
060816109011007,5,0.7916666666666666,24,19,2,0.7142857142857143,7,5,3,1,3
060816109012005,5,0.9056603773584906,53,48,7,0.72,25,18,3,13,13
060816109012006,5,0.9473684210526315,95,90,12,0.625,32,20,3,20,18
060816109022001,5,0.8571428571428571,35,30,0,1,4,4,3,5,5
060816109022009,5,0.7916666666666666,24,19,7,0,7,0,0,1,8
060816109022013,5,0.8076923076923077,26,21,-2,2,2,4,0,4,4
060816109022014,5,0.8076923076923077,26,21,2,0.7142857142857143,7,5,0,4,5
060816111002015,5,0.8387096774193549,31,26,-2,2,2,4,0,6,5
060816112001006,5,0.8148148148148148,27,22,7,0,7,0,0,8,1
060816112001011,5,0.9230769230769231,65,60,10,0.5652173913043478,23,13,6,12,5
060816097001010,4,0.9466666666666667,75,71,-6,Inf,0,6,4,13,9
060816098001002,4,0.8709677419354839,31,27,10,0.16666666666666666,12,2,3,6,6
060816098002021,4,0.2,5,1,0,NA,0,0,0,0,0
060816098003009,4,0.8974358974358975,39,35,-1,1.1,10,11,0,3,8
060816098003010,4,0.8666666666666667,30,26,4,0,4,0,1,4,12
060816099001011,4,0.8947368421052632,38,34,0,1,2,2,1,3,4
060816099001015,4,0.8918918918918919,37,33,5,0.16666666666666666,6,1,1,8,5
060816099002007,4,0.9333333333333333,60,56,-1,Inf,0,1,4,3,10
060816100001026,4,0.8857142857142857,35,31,1,0.6666666666666666,3,2,1,7,7
060816100002013,4,0.9166666666666666,48,44,3,0.6666666666666666,9,6,1,3,11
060816100003012,4,0.8857142857142857,35,31,3,0,3,0,4,0,4
060816100003014,4,0.8787878787878788,33,29,2,0.3333333333333333,3,1,1,3,4
060816101001018,4,0.9215686274509803,51,47,2,0.8888888888888888,18,16,4,13,3
060816102012009,4,0.6363636363636364,11,7,5,0.4444444444444444,9,4,1,0,4
060816102014007,4,0.8857142857142857,35,31,-3,1.3333333333333333,9,12,0,8,10
060816102022017,4,0.2,5,1,1,0,1,0,0,0,1
060816102031019,4,0.42857142857142855,7,3,3,0.25,4,1,1,0,1
060816102031035,4,0.2,5,1,4,0,4,0,0,0,0
060816103032005,4,0.7647058823529411,17,13,2,0,2,0,3,1,1
060816103032008,4,0.7647058823529411,17,13,-3,4,1,4,2,0,1
060816103042014,4,0.9629629629629629,108,104,0,1,12,12,8,9,14
060816104003004,4,0.8333333333333334,24,20,4,0.5555555555555556,9,5,0,10,4
060816107001001,4,0.7142857142857143,14,10,1,0.5,2,1,2,1,1
060816109011006,4,0.8918918918918919,37,33,11,0.5416666666666666,24,13,3,13,8
060816109012008,4,0.9310344827586207,58,54,10,0.6,25,15,5,18,11
060816110001002,4,0.8,20,16,3,0,3,0,2,4,2
060816110002003,4,0.9148936170212766,47,43,1,0.9333333333333333,15,14,7,3,8
060816110002014,4,0.8888888888888888,36,32,5,0,5,0,5,4,3
060816110004009,4,0.9365079365079365,63,59,-1,1.0833333333333333,12,13,3,11,14
060816111002009,4,0.875,32,28,5,0.16666666666666666,6,1,1,1,6
060816111002020,4,0.8823529411764706,34,30,-2,1.6666666666666667,3,5,1,3,7
060816111002021,4,0.9,40,36,-2,1.3333333333333333,6,8,4,5,8
060816111002036,4,0.8461538461538461,26,22,2,0,2,0,1,1,5
060816112001002,4,0.9333333333333333,60,56,2,0.6666666666666666,6,4,3,7,18
060816112001004,4,0.8947368421052632,38,34,-2,1.6666666666666667,3,5,5,1,4
060816112001013,4,0.9436619718309859,71,67,-4,1.8,5,9,4,9,10
060816113004004,4,0.8666666666666667,30,26,1,0.5,2,1,0,3,5
060816096032005,3,0.6666666666666666,9,6,0,NA,0,0,1,0,1
060816098001004,3,0.875,24,21,9,0.25,12,3,1,2,4
060816098002015,3,0.7692307692307693,13,10,4,0,4,0,0,3,2
060816098003007,3,0.88,25,22,2,0.6666666666666666,6,4,0,4,5
060816099002010,3,0.9523809523809523,63,60,13,0.1875,16,3,9,6,9
060816101001009,3,0.9411764705882353,51,48,-1,1.0769230769230769,13,14,2,15,12
060816102021020,3,0.9880478087649402,251,248,3,0.8333333333333334,18,15,14,166,46
060816102021025,3,0.97,100,97,-7,Inf,0,7,12,54,17
060816102022000,3,0.25,4,1,-1,Inf,0,1,1,0,0
060816102022029,3,0.8695652173913043,23,20,4,0,4,0,0,7,9
060816102032005,3,0.9629629629629629,81,78,2,0.9615384615384616,52,50,19,24,11
060816103033011,3,0.9423076923076923,52,49,5,0,5,0,11,3,11
060816103034004,3,0.9516129032258065,62,59,4,0.2,5,1,9,1,20
060816103041015,3,0.875,24,21,-3,Inf,0,3,1,4,4
060816109011014,3,0.7,10,7,4,0.3333333333333333,6,2,1,2,0
060816109012003,3,0.9090909090909091,33,30,5,0.6666666666666666,15,10,3,5,2
060816109021004,3,0.918918918918919,37,34,6,0.25,8,2,0,10,13
060816110002019,3,0.9491525423728814,59,56,12,0.42857142857142855,21,9,2,7,12
060816111002022,3,0.9166666666666666,36,33,-1,2,1,2,2,5,5
060816112002015,3,0.972972972972973,111,108,7,0.6956521739130435,23,16,8,13,22
060816112002019,3,0.9302325581395349,43,40,-6,3,3,9,4,9,5
060816096033011,2,0.967741935483871,62,60,5,0,5,0,4,4,8
060816096033014,2,0.875,16,14,1,0,1,0,0,1,5
060816097001027,2,0.8333333333333334,12,10,2,0,2,0,0,1,1
060816098003016,2,0.9565217391304348,46,44,0,NA,0,0,6,10,5
060816099001017,2,0.9710144927536232,69,67,-5,3.5,2,7,5,10,7
060816099002023,2,0.9636363636363636,55,53,3,0.7,10,7,4,8,8
060816100003006,2,0.9607843137254902,51,49,5,0.16666666666666666,6,1,1,12,7
060816101001015,2,0.9166666666666666,24,22,-2,1.4,5,7,2,2,7
060816102013008,2,0.8947368421052632,19,17,-10,3,5,15,4,8,0
060816102032007,2,0.9591836734693877,49,47,11,0.6071428571428571,28,17,10,13,7
060816103031003,2,0.9393939393939394,33,31,-2,Inf,0,2,4,3,4
060816103032011,2,0.9259259259259259,27,25,2,0,2,0,4,2,4
060816103033007,2,0.9411764705882353,34,32,-6,Inf,0,6,3,6,10
060816103043018,2,0.3333333333333333,3,1,1,0,1,0,0,1,0
060816104002008,2,0.9574468085106383,47,45,-1,1.0434782608695652,23,24,4,12,4
060816104003009,2,0.9775280898876404,89,87,6,0.8636363636363636,44,38,10,22,15
060816107002001,2,0.9583333333333334,48,46,-19,2.9,10,29,9,12,4
060816109012000,2,0.9354838709677419,31,29,7,0.36363636363636365,11,4,5,5,8
060816109021003,2,0.9166666666666666,24,22,-2,1.6666666666666667,3,5,1,4,5
060816109022003,2,0.967741935483871,62,60,-8,1.6153846153846154,13,21,7,12,19
060816109022006,2,0.9473684210526315,38,36,0,1,10,10,6,7,5
060816110002011,2,0.9354838709677419,31,29,14,0.2222222222222222,18,4,6,3,6
060816111002033,2,0.9672131147540983,61,59,-4,2.3333333333333335,3,7,3,10,17
060816112001007,2,0.9555555555555556,45,43,5,0.5,10,5,4,9,6
060816112002012,2,0.9726027397260274,73,71,1,0.9090909090909091,11,10,4,7,18
060816112002014,2,0.9736842105263158,76,74,12,0.14285714285714285,14,2,7,6,24
060816112002018,2,0.9565217391304348,46,44,-1,1.1666666666666667,6,7,2,8,8
060816113004012,2,0.8,10,8,2,0,2,0,2,0,4
060816113004014,2,0.9393939393939394,33,31,-2,1.3333333333333333,6,8,2,5,3
060816097001000,1,0.9285714285714286,14,13,2,0,2,0,0,4,1
060816097002048,1,0.9230769230769231,13,12,0,NA,0,0,1,1,1
060816098003015,1,0.9523809523809523,21,20,-1,Inf,0,1,2,4,1
060816099001004,1,0.975,40,39,1,0,1,0,3,1,8
060816099001010,1,0.9629629629629629,27,26,3,0,3,0,6,2,4
060816099002026,1,0.9743589743589743,39,38,-1,1.25,4,5,4,5,0
060816102014010,1,0.9838709677419355,62,61,-16,1.8888888888888888,18,34,6,16,7
060816102022034,1,0.6666666666666666,3,2,-2,Inf,0,2,1,0,0
060816102031006,1,0.9696969696969697,33,32,2,0.92,25,23,5,4,5
060816102031031,1,0.9565217391304348,23,22,1,0.9411764705882353,17,16,6,6,1
060816103031007,1,0.9917355371900827,121,120,-9,10,1,10,15,10,17
060816103032019,1,0.9090909090909091,11,10,0,NA,0,0,2,1,0
060816103034002,1,0.96,25,24,-1,Inf,0,1,3,0,4
060816109022004,1,0.9827586206896551,58,57,4,0.7894736842105263,19,15,7,15,9
060816109022016,1,0.9736842105263158,38,37,1,0.9090909090909091,11,10,4,8,8
060816109022019,1,0.9375,16,15,1,0.5,2,1,0,3,4
060816110001004,1,0.9565217391304348,23,22,-1,1.5,2,3,3,2,4
060816110001009,1,0.9705882352941176,34,33,11,0.21428571428571427,14,3,1,5,7
060816110002007,1,0.96875,32,31,10,0.4444444444444444,18,8,9,8,4
060816110002017,1,0.972972972972973,37,36,4,0.6666666666666666,12,8,5,4,5
060816111002003,1,0.9696969696969697,33,32,2,0.3333333333333333,3,1,2,5,2
060816111002008,1,0.96875,32,31,0,1,1,1,1,5,6
060816112002006,1,0.9743589743589743,39,38,3,0.5,6,3,11,2,4
060816112002010,1,0.9876543209876543,81,80,3,0.7857142857142857,14,11,6,13,13
060816112002011,1,0.9782608695652174,46,45,6,0.25,8,2,3,6,9
060816097002037,0,1,6,6,3,0,3,0,0,1,3
060816097002049,0,1,7,7,-1,Inf,0,1,0,0,2
060816098002010,0,1,39,39,2,0.5,4,2,5,4,5
060816098003002,0,1,39,39,5,0.5,10,5,4,6,6
060816098004014,0,1,48,48,1,0.5,2,1,5,2,7
060816099001005,0,1,29,29,3,0,3,0,1,3,4
060816100001027,0,1,26,26,-1,1.5,2,3,4,1,5
060816100002005,0,1,59,59,-8,5,2,10,4,6,4
060816100002014,0,1,31,31,1,0.75,4,3,1,4,8
060816101001003,0,1,27,27,0,1,7,7,3,3,4
060816101001004,0,1,23,23,0,1,8,8,1,3,6
060816102021016,0,1,4,4,2,0,2,0,0,3,1
060816102031029,0,1,4,4,1,0.6666666666666666,3,2,1,1,0
060816103031002,0,1,26,26,1,0,1,0,4,1,5
060816103032003,0,1,13,13,0,NA,0,0,0,0,4
060816107003003,0,1,50,50,-1,1.2,5,6,6,2,11
060816109011009,0,1,24,24,1,0.9,10,9,3,9,0
060816110002006,0,1,29,29,13,0.23529411764705882,17,4,0,8,5
060816110002008,0,1,45,45,15,0.53125,32,17,5,11,11
060816110004010,0,1,59,59,-7,1.875,8,15,3,19,10
060816111001012,0,1,22,22,4,0,4,0,3,1,3
060816111001026,0,1,34,34,-2,Inf,0,2,0,4,6
060816111002001,0,1,23,23,3,0,3,0,0,4,5
060816111002026,0,1,27,27,1,0.8,5,4,0,0,8
060816111002029,0,1,59,59,-2,1.5,4,6,8,10,2
060816111002037,0,1,65,65,0,NA,0,0,5,9,10
060816112001010,0,1,36,36,3,0.4,5,2,4,7,4
060816112001012,0,1,36,36,2,0.3333333333333333,3,1,3,3,3
060816112002020,0,1,33,33,5,0.5,10,5,6,3,3
060816113004002,0,1,14,14,2,0,2,0,2,2,1
060816097002044,-1,1.0357142857142858,28,29,4,0.3333333333333333,6,2,3,1,7
060816099001013,-1,1.0357142857142858,28,29,0,1,1,1,1,5,6
060816099002017,-1,1.0227272727272727,44,45,4,0.2,5,1,9,5,4
060816100001025,-1,1.0833333333333333,12,13,-4,Inf,0,4,3,2,2
060816100002008,-1,1.02,50,51,1,0.9230769230769231,13,12,7,8,6
060816101001000,-1,1.0344827586206897,29,30,-5,2.25,4,9,1,5,7
060816101001002,-1,1.0303030303030303,33,34,-1,1.2,5,6,2,6,5
060816101001008,-1,1.027027027027027,37,38,-1,1.1428571428571428,7,8,1,11,12
060816102014005,-1,Inf,0,1,0,NA,0,0,0,0,0
060816102022018,-1,1.0128205128205128,78,79,1,0.8888888888888888,9,8,15,41,17
060816102022050,-1,Inf,0,1,0,NA,0,0,0,1,0
060816102031036,-1,Inf,0,1,0,NA,0,0,0,1,0
060816102032009,-1,1.0277777777777777,36,37,18,0.3333333333333333,27,9,7,12,5
060816103031013,-1,1.0416666666666667,24,25,-3,Inf,0,3,4,1,5
060816103041010,-1,1.03125,32,33,-1,1.3333333333333333,3,4,6,0,9
060816103042003,-1,Inf,0,1,0,NA,0,0,0,0,0
060816105001008,-1,Inf,0,1,0,NA,0,0,0,0,0
060816107001009,-1,1.0384615384615385,26,27,-1,1.25,4,5,0,5,3
060816110001001,-1,1.0625,16,17,1,0.8571428571428571,7,6,2,4,3
060816110002018,-1,1.0238095238095237,42,43,9,0.47058823529411764,17,8,7,12,7
060816111002016,-1,1.024390243902439,41,42,-5,Inf,0,5,2,5,9
060816111002031,-1,1.0714285714285714,14,15,0,1,1,1,4,0,1
060816112001008,-1,1.0135135135135136,74,75,2,0.8888888888888888,18,16,8,12,16
060816112002001,-1,1.0285714285714285,35,36,4,0.3333333333333333,6,2,5,7,4
060816113004016,-1,1.0294117647058822,34,35,1,0,1,0,5,5,6
060816098002002,-2,1.048780487804878,41,43,1,0.8,5,4,5,5,9
060816099002001,-2,1.08,25,27,-2,1.6666666666666667,3,5,2,5,2
060816099002015,-2,1.018348623853211,109,111,6,0.5,12,6,12,11,17
060816100001003,-2,1.0172413793103448,116,118,3,0.7272727272727273,11,8,9,42,19
060816100002001,-2,1.0465116279069768,43,45,8,0.42857142857142855,14,6,8,2,4
060816101001007,-2,1.0869565217391304,23,25,-1,1.25,4,5,2,3,6
060816102031007,-2,1.0689655172413792,29,31,3,0.875,24,21,7,9,1
060816102031012,-2,1.0526315789473684,38,40,3,0.896551724137931,29,26,10,9,6
060816102031020,-2,1.1818181818181819,11,13,-4,2,4,8,3,1,1
060816103032015,-2,1.1818181818181819,11,13,4,0,4,0,0,1,2
060816103032020,-2,1.1176470588235294,17,19,0,NA,0,0,3,0,5
060816103034006,-2,1.0588235294117647,34,36,1,0,1,0,5,1,8
060816104001004,-2,1.025974025974026,77,79,-1,1.0555555555555556,18,19,8,20,10
060816104001005,-2,1.0235294117647058,85,87,2,0.9487179487179487,39,37,9,16,11
060816105001000,-2,Inf,0,2,0,NA,0,0,0,1,1
060816107001004,-2,1.0714285714285714,28,30,-1,1.1111111111111112,9,10,3,10,7
060816109011015,-2,1.0571428571428572,35,37,-7,1.7777777777777777,9,16,4,7,9
060816109012001,-2,1.0454545454545454,44,46,2,0.9090909090909091,22,20,0,15,8
060816109021006,-2,1.0833333333333333,24,26,-4,2,4,8,3,3,1
060816111001013,-2,1.105263157894737,19,21,-2,2,2,4,0,1,5
060816111001020,-2,1.032258064516129,62,64,-2,2,2,4,6,6,10
060816112002000,-2,1.0217391304347827,92,94,1,0.9166666666666666,12,11,7,11,16
060816097001029,-3,1.2307692307692308,13,16,0,NA,0,0,5,2,0
060816097002014,-3,1.2307692307692308,13,16,-2,Inf,0,2,0,2,2
060816098001009,-3,1.12,25,28,-2,Inf,0,2,2,1,9
060816098003003,-3,1.3,10,13,2,0,2,0,1,4,1
060816099002013,-3,Inf,0,3,0,NA,0,0,0,0,0
060816099002020,-3,1.06,50,53,-1,1.1428571428571428,7,8,13,7,4
060816100001015,-3,1.032258064516129,93,96,0,1,21,21,10,34,20
060816101001028,-3,1.1363636363636365,22,25,-4,2.3333333333333335,3,7,4,5,1
060816103032009,-3,1.25,12,15,0,NA,0,0,1,1,0
060816103034007,-3,1.032967032967033,91,94,-9,4,3,12,13,35,19
060816105001013,-3,Inf,0,3,-1,Inf,0,1,0,0,1
060816110002016,-3,1.25,12,15,0,1,6,6,2,4,4
060816111001024,-3,1.0833333333333333,36,39,-9,10,1,10,0,3,4
060816111002027,-3,1.0857142857142856,35,38,-2,3,1,3,2,1,12
060816111002038,-3,1.04,75,78,-2,1.2,10,12,7,9,15
060816112001009,-3,1.0555555555555556,54,57,4,0.6666666666666666,12,8,7,6,14
060816112002016,-3,1.0422535211267605,71,74,7,0.631578947368421,19,12,11,6,11
060816113004003,-3,1.0454545454545454,66,69,1,0.8571428571428571,7,6,9,3,8
060816096033020,-4,1.0869565217391304,46,50,1,0.5,2,1,8,3,8
060816098002003,-4,1.1111111111111112,36,40,5,0.5454545454545454,11,6,1,10,6
060816099001019,-4,1.1818181818181819,22,26,-2,2,2,4,2,5,4
060816099002002,-4,1.1025641025641026,39,43,0,NA,0,0,2,3,6
060816100003003,-4,2,4,8,2,0,2,0,0,3,1
060816102014002,-4,Inf,0,4,0,NA,0,0,0,0,1
060816102022042,-4,1.0975609756097562,41,45,1,0.8333333333333334,6,5,5,10,1
060816103031000,-4,1.032520325203252,123,127,-7,Inf,0,7,21,6,9
060816109022017,-4,1.1666666666666667,24,28,1,0.8571428571428571,7,6,2,6,9
060816111001022,-4,1.1379310344827587,29,33,-1,2,1,2,2,1,4
060816111002002,-4,1.0493827160493827,81,85,-9,5.5,2,11,3,14,19
060816113004000,-4,1.0816326530612246,49,53,0,1,1,1,1,5,7
060816097002039,-5,1.625,8,13,0,1,1,1,0,3,0
060816098003014,-5,1.1219512195121952,41,46,6,0.5,12,6,4,5,7
060816099002003,-5,1.131578947368421,38,43,2,0.5,4,2,4,7,5
060816100001010,-5,1.0526315789473684,95,100,5,0.6153846153846154,13,8,3,29,23
060816100001017,-5,1.2941176470588236,17,22,0,1,1,1,1,9,3
060816103032014,-5,1.1162790697674418,43,48,1,0,1,0,5,5,6
060816103032024,-5,1.108695652173913,46,51,-3,2.5,2,5,0,3,10
060816104002007,-5,1.1,50,55,-7,1.411764705882353,17,24,7,16,10
060816107002013,-5,1.0980392156862746,51,56,-2,2,2,4,5,8,7
060816109021014,-5,1.0595238095238095,84,89,-18,1.6206896551724137,29,47,15,23,15
060816109022010,-5,1.625,8,13,-6,4,2,8,3,1,1
060816111001019,-5,1.0724637681159421,69,74,1,0.5,2,1,10,1,11
060816111001021,-5,1.0704225352112675,71,76,-3,1.6,5,8,4,6,19
060816111002018,-5,1.058139534883721,86,91,-9,3.25,4,13,9,13,9
060816112001014,-5,1.0704225352112675,71,76,-1,1.125,8,9,4,9,13
060816096033016,-6,1.2608695652173914,23,29,3,0.4,5,2,8,1,4
060816097002033,-6,1.3,20,26,0,1,2,2,5,1,3
060816099001001,-6,1.25,24,30,-1,1.5,2,3,3,4,5
060816099001002,-6,1.1395348837209303,43,49,-1,2,1,2,6,5,7
060816099001009,-6,1.1071428571428572,56,62,0,NA,0,0,9,11,6
060816099001016,-6,1.1111111111111112,54,60,-5,6,1,6,5,3,11
060816099002000,-6,1.1395348837209303,43,49,-3,2.5,2,5,3,9,5
060816100002002,-6,1.103448275862069,58,64,-3,1.6,5,8,9,5,5
060816100003005,-6,1.2727272727272727,22,28,4,0.2,5,1,2,9,3
060816102013006,-6,1.25,24,30,-12,3.4,5,17,4,16,2
060816103041016,-6,1.2307692307692308,26,32,1,0,1,0,5,1,2
060816107003006,-6,1.1363636363636365,44,50,2,0.3333333333333333,3,1,7,7,6
060816109021012,-6,1.24,25,31,-5,2.25,4,9,2,11,7
060816109022000,-6,1.2,30,36,0,1,5,5,5,5,6
060816110002012,-6,1.0952380952380953,63,69,13,0.38095238095238093,21,8,6,17,12
060816110004013,-6,1.127659574468085,47,53,-4,2.3333333333333335,3,7,4,13,11
060816110004015,-6,1.2608695652173914,23,29,0,1,1,1,3,3,6
060816111001004,-6,1.1428571428571428,42,48,3,0,3,0,6,2,6
060816111001005,-6,1.1333333333333333,45,51,4,0,4,0,1,3,10
060816098001000,-7,1.0972222222222223,72,79,16,0.4074074074074074,27,11,8,19,11
060816098004002,-7,1.05,140,147,-13,2.625,8,21,17,14,27
060816100001007,-7,1.11864406779661,59,66,-3,2,3,6,4,6,12
060816101001023,-7,1.2692307692307692,26,33,1,0.8888888888888888,9,8,3,8,6
060816101002000,-7,1.106060606060606,66,73,0,1,9,9,3,12,19
060816103032004,-7,1.2258064516129032,31,38,-2,3,1,3,5,1,4
060816103032012,-7,1.5384615384615385,13,20,1,0,1,0,2,1,0
060816103032017,-7,1.7,10,17,0,1,3,3,3,2,1
060816103041008,-7,1.2333333333333334,30,37,-6,3,3,9,2,5,5
060816103042019,-7,1.3333333333333333,21,28,-1,2,1,2,2,6,1
060816107002012,-7,1.1590909090909092,44,51,-10,2.111111111111111,9,19,7,4,12
060816107004004,-7,1.0843373493975903,83,90,-9,2.5,6,15,13,14,13
060816109012007,-7,1.368421052631579,19,26,-1,1.5,2,3,3,1,3
060816110004011,-7,1.0538461538461539,130,137,-3,1.2,15,18,9,29,37
060816098001010,-8,1.205128205128205,39,47,6,0.6470588235294118,17,11,6,7,9
060816099001014,-8,1.1777777777777778,45,53,-6,Inf,0,6,0,8,5
060816100002012,-8,1.1777777777777778,45,53,-3,1.5,6,9,7,3,13
060816100003002,-8,1.150943396226415,53,61,1,0.5,2,1,3,7,10
060816101001016,-8,1.3333333333333333,24,32,0,1,8,8,1,5,9
060816103031011,-8,1.1194029850746268,67,75,-4,Inf,0,4,14,5,3
060816103041013,-8,1.4444444444444444,18,26,-5,3.5,2,7,3,7,4
060816103043004,-8,1.4,20,28,-1,Inf,0,1,4,3,9
060816110004003,-8,1.073394495412844,109,117,-8,1.7272727272727273,11,19,14,29,22
060816112002005,-8,1.2962962962962963,27,35,5,0,5,0,2,3,16
060816112002009,-8,1.0869565217391304,92,100,-4,1.4,10,14,8,7,18
060816097002045,-9,1.2903225806451613,31,40,-1,2,1,2,1,3,10
060816099002012,-9,2.125,8,17,-4,5,1,5,0,5,3
060816102013004,-9,1.75,12,21,-5,6,1,6,3,7,2
060816103041012,-9,1.4285714285714286,21,30,1,0.6666666666666666,3,2,2,4,1
060816103042015,-9,1.5,18,27,0,1,2,2,4,4,3
060816103043013,-9,Inf,0,9,-1,Inf,0,1,1,1,2
060816104002005,-9,1.1097560975609757,82,91,-3,1.0833333333333333,36,39,13,18,14
060816109011012,-9,1.6428571428571428,14,23,3,0.7,10,7,3,5,4
060816109011016,-9,1.1666666666666667,54,63,1,0.9333333333333333,15,14,2,15,11
060816109011017,-9,1.152542372881356,59,68,7,0.6818181818181818,22,15,7,9,13
060816110004006,-9,1.2,45,54,-5,1.7142857142857142,7,12,6,11,17
060816099002016,-10,1.25,40,50,-5,2,5,10,3,7,7
060816100001004,-10,1.3571428571428572,28,38,-2,1.6666666666666667,3,5,1,8,1
060816100001005,-10,1.263157894736842,38,48,5,0,5,0,6,5,5
060816100001023,-10,1.3571428571428572,28,38,2,0.3333333333333333,3,1,2,8,3
060816100001024,-10,1.1886792452830188,53,63,5,0.375,8,3,5,12,7
060816103033016,-10,1.1538461538461537,65,75,-2,2,2,4,19,4,3
060816103042018,-10,1.4166666666666667,24,34,4,0,4,0,3,6,4
060816103043002,-10,1.3571428571428572,28,38,-6,4,2,8,2,4,5
060816109021009,-10,1.1666666666666667,60,70,-14,2.076923076923077,13,27,11,17,8
060816111001009,-10,1.131578947368421,76,86,2,0.8333333333333334,12,10,13,8,15
060816111001011,-10,1.070921985815603,141,151,1,0.8571428571428571,7,6,14,20,11
060816111001015,-10,1.1136363636363635,88,98,-4,2.3333333333333335,3,7,4,15,18
060816112001001,-10,1.3225806451612903,31,41,2,0.875,16,14,6,9,6
060816099001000,-11,1.125,88,99,10,0.09090909090909091,11,1,12,12,9
060816099002005,-11,1.171875,64,75,-2,1.2857142857142858,7,9,10,6,14
060816100001006,-11,1.3666666666666667,30,41,-3,4,1,4,2,5,12
060816100002000,-11,1.34375,32,43,0,1,2,2,8,2,6
060816101002001,-11,1.2075471698113207,53,64,0,1,8,8,8,7,18
060816102013001,-11,1.6111111111111112,18,29,-6,4,2,8,3,11,5
060816102031010,-11,1.6111111111111112,18,29,-1,1.0625,16,17,8,6,1
060816103032013,-11,1.22,50,61,7,0,7,0,5,13,11
060816103042020,-11,1.2894736842105263,38,49,-2,Inf,0,2,2,2,8
060816104003007,-11,1.22,50,61,-12,1.5714285714285714,21,33,6,11,9
060816109022007,-11,1.1929824561403508,57,68,-8,3.6666666666666665,3,11,5,11,15
060816110002013,-11,1.1833333333333333,60,71,4,0.7894736842105263,19,15,5,15,13
060816111002004,-11,1.1864406779661016,59,70,2,0.5,4,2,6,6,13
060816111002011,-11,1.1964285714285714,56,67,2,0.6,5,3,7,8,10
060816111003003,-11,1.2037037037037037,54,65,-6,3,3,9,9,5,4
060816096033012,-12,1.2666666666666666,45,57,2,0.5,4,2,4,3,10
060816103041005,-12,1.48,25,37,-1,2,1,2,2,4,5
060816107002011,-12,1.0710059171597632,169,181,-5,1.2272727272727273,22,27,18,14,36
060816111002034,-12,1.2033898305084745,59,71,-11,3.2,5,16,6,8,14
060816111002039,-12,1.1967213114754098,61,73,-5,2.6666666666666665,3,8,7,11,16
060816113004011,-12,1.2142857142857142,56,68,-3,2,3,6,4,8,12
060816097002000,-13,1.52,25,38,0,1,1,1,5,1,3
060816098002009,-13,1.4333333333333333,30,43,-2,3,1,3,5,6,4
060816099002011,-13,1.2407407407407407,54,67,5,0.4444444444444444,9,4,9,3,9
060816100001009,-13,1.288888888888889,45,58,-1,1.3333333333333333,3,4,4,6,12
060816102013009,-13,1.8125,16,29,-12,4,4,16,5,4,3
060816102021018,-13,1.52,25,38,1,0.8,5,4,0,15,7
060816103022014,-13,1.1428571428571428,91,104,-5,2.25,4,9,3,25,32
060816103031006,-13,1.2826086956521738,46,59,-4,Inf,0,4,9,1,8
060816103033008,-13,1.2203389830508475,59,72,-3,1.75,4,7,10,4,3
060816109011001,-13,1.6842105263157894,19,32,-4,1.4,10,14,0,6,4
060816109022008,-13,1.2321428571428572,56,69,-3,1.25,12,15,11,17,9
060816111001023,-13,1.3823529411764706,34,47,1,0,1,0,7,3,8
060816112002004,-13,1.2765957446808511,47,60,-5,3.5,2,7,2,7,14
060816097002042,-14,1.3888888888888888,36,50,0,NA,0,0,3,2,12
060816099002019,-14,1.14,100,114,-10,1.9090909090909092,11,21,10,22,14
060816102032004,-14,1.368421052631579,38,52,1,0.9615384615384616,26,25,4,8,12
060816111001016,-14,1.3181818181818181,44,58,-5,6,1,6,7,4,8
060816100003013,-15,1.4054054054054055,37,52,1,0.5,2,1,5,3,9
060816101002004,-15,1.5357142857142858,28,43,-2,2,2,4,5,1,8
060816102022039,-15,1.25,60,75,-6,1.6666666666666667,9,15,4,29,18
060816103022015,-15,1.2419354838709677,62,77,3,0.25,4,1,2,20,27
060816103033009,-15,2.6666666666666665,9,24,-5,3.5,2,7,5,6,6
060816103041001,-15,1.3571428571428572,42,57,1,0.5,2,1,2,5,4
060816111001006,-15,1.3658536585365855,41,56,-4,5,1,5,3,7,7
060816104003000,-16,1.0851063829787233,188,204,-25,1.337837837837838,74,99,30,30,31
060816109021011,-16,1.3636363636363635,44,60,-2,1.2857142857142858,7,9,6,14,15
060816111001008,-16,1.0438356164383562,365,381,-9,1.391304347826087,23,32,27,41,65
060816111002028,-16,1.457142857142857,35,51,-11,6.5,2,13,2,6,12
060816097002043,-17,1.346938775510204,49,66,0,1,1,1,6,11,10
060816098002006,-17,1.1440677966101696,118,135,-1,1.5,2,3,15,17,12
060816099002027,-17,2.888888888888889,9,26,-16,9,2,18,5,2,4
060816100001019,-17,1.3333333333333333,51,68,-8,2,8,16,4,11,14
060816100001020,-17,1.2179487179487178,78,95,-10,1.6666666666666667,15,25,11,18,11
060816102021027,-17,1.2537313432835822,67,84,-2,1.4,5,7,11,40,13
060816102022031,-17,1.25,68,85,0,1,3,3,10,41,14
060816102031008,-17,2.5454545454545454,11,28,-9,2.2857142857142856,7,16,2,7,6
060816110002005,-17,1.3777777777777778,45,62,-4,1.3333333333333333,12,16,11,6,12
060816112001003,-17,1.2266666666666666,75,92,0,1,9,9,6,15,15
060816102013000,-18,2.3846153846153846,13,31,-7,4.5,2,9,2,8,11
060816103033012,-18,1.9473684210526316,19,37,-1,2,1,2,0,5,10
060816111001003,-18,1.088235294117647,204,222,-6,1.6,10,16,20,29,43
060816098004006,-19,1.1637931034482758,116,135,-13,2.857142857142857,7,20,12,16,20
060816100001008,-19,1.5,38,57,-3,2,3,6,4,9,6
060816103031010,-19,1.3064516129032258,62,81,-5,Inf,0,5,7,9,10
060816103041011,-19,2.357142857142857,14,33,-1,2,1,2,5,2,2
060816103042017,-19,Inf,0,19,-4,Inf,0,4,1,4,2
060816109021005,-19,1.475,40,59,-8,2.3333333333333335,6,14,3,20,11
060816110004014,-19,1.5277777777777777,36,55,-2,3,1,3,2,9,11
060816097002012,-20,21,1,21,-3,Inf,0,3,3,5,1
060816099001003,-20,1.4166666666666667,48,68,-1,1.3333333333333333,3,4,6,12,11
060816099001008,-20,1.5128205128205128,39,59,-2,1.6666666666666667,3,5,6,6,10
060816100001021,-20,1.606060606060606,33,53,-5,2.6666666666666665,3,8,2,9,13
060816102013003,-20,1.1886792452830188,106,126,-40,2.4814814814814814,27,67,17,35,24
060816103043005,-20,1.3125,64,84,-6,2,6,12,6,9,7
060816103035004,-21,Inf,0,21,0,NA,0,0,2,1,0
060816109011018,-21,1.4285714285714286,49,70,0,1,8,8,5,19,10
060816109012002,-21,1.3962264150943395,53,74,-4,1.4,10,14,9,20,15
060816110004007,-21,1.2727272727272727,77,98,-9,1.8181818181818181,11,20,7,33,18
060816097002011,-22,1.6470588235294117,34,56,-1,1.3333333333333333,3,4,8,7,4
060816098004009,-22,1.201834862385321,109,131,5,0.375,8,3,13,13,20
060816098004011,-22,1.2528735632183907,87,109,-2,1.6666666666666667,3,5,2,16,12
060816103041002,-22,1.5789473684210527,38,60,-3,Inf,0,3,4,5,5
060816103041007,-22,2.1,20,42,0,NA,0,0,4,3,8
060816104001000,-22,3.4444444444444446,9,31,-7,4.5,2,9,3,4,7
060816107003002,-22,1.7857142857142858,28,50,-2,3,1,3,2,3,10
060816110004008,-22,2.8333333333333335,12,34,-6,Inf,0,6,7,5,4
060816112002008,-22,1.4489795918367347,49,71,-6,7,1,7,3,4,11
060816101002007,-23,1.4791666666666667,48,71,-1,1.1428571428571428,7,8,6,12,15
060816103033015,-23,1.1385542168674698,166,189,3,0.4,5,2,16,21,25
060816097002013,-24,9,3,27,-3,Inf,0,3,1,1,5
060816108001007,-26,1.302325581395349,86,112,-7,1.5,14,21,15,25,29
060816111001025,-26,1.2826086956521738,92,118,-8,2.3333333333333335,6,14,15,12,10
060816108003003,-27,1.5192307692307692,52,79,-9,1.5294117647058822,17,26,11,36,16
060816103042024,-30,1.394736842105263,76,106,2,0.3333333333333333,3,1,12,4,15
060816101002002,-31,1.2313432835820894,134,165,-10,1.5,20,30,15,24,34
060816101001001,-32,2.5238095238095237,21,53,-14,15,1,15,4,9,13
060816103031012,-32,1.653061224489796,49,81,-2,Inf,0,2,10,5,11
060816103033010,-34,2.619047619047619,21,55,-3,4,1,4,2,2,6
060816107004000,-34,1.6666666666666667,51,85,-2,1.3333333333333333,6,8,6,37,16
060816107004005,-34,1.1478260869565218,230,264,-20,1.3125,64,84,38,67,46
060816103032021,-38,5.75,8,46,-1,Inf,0,1,2,5,9
060816103041004,-38,1.3220338983050848,118,156,-1,1.1111111111111112,9,10,8,15,18
060816100003015,-39,1.4285714285714286,91,130,-5,2.25,4,9,11,17,16
060816103041003,-42,1.646153846153846,65,107,-8,5,2,10,9,11,11
060816103041014,-43,1.6056338028169015,71,114,-7,3.3333333333333335,3,10,16,6,19
060816103041006,-45,1.4639175257731958,97,142,-6,1.4615384615384615,13,19,11,12,18
060816102021003,-46,1.2674418604651163,172,218,-31,1.4366197183098592,71,102,24,39,21
060816103034000,-56,1.1382716049382715,405,461,-32,3.4615384615384617,13,45,35,86,102
060816103033013,-63,1.443661971830986,142,205,-6,7,1,7,35,17,16
060816112001016,-74,Inf,0,74,-14,Inf,0,14,10,14,14
060816103043001,-75,1.3504672897196262,214,289,0,1,76,76,25,43,58
060816103041009,-91,1.6546762589928057,139,230,-13,2.0833333333333335,12,25,22,20,32
060816103022016,-103,1.1535022354694486,671,774,-15,1.46875,32,47,53,239,204
060816102022011,-109,Inf,0,109,-11,Inf,0,11,13,68,18
060816103032002,-153,1.3415178571428572,448,601,-13,1.7647058823529411,17,30,64,68,66
060816103032007,-166,7.916666666666667,24,190,-23,24,1,24,19,46,34
060816103021005,-286,1.689156626506024,415,701,-115,1.7516339869281046,153,268,89,101,86
060816097001013,NA,NA,10,NA,NA,NA,1,NA,NA,NA,NA
060816097002004,NA,NA,0,NA,NA,NA,0,NA,NA,NA,NA
060816100001012,NA,NA,1,NA,NA,NA,0,NA,NA,NA,NA
060816100001013,NA,NA,0,NA,NA,NA,0,NA,NA,NA,NA
060816100001014,NA,NA,0,NA,NA,NA,0,NA,NA,NA,NA
060816100001018,NA,NA,0,NA,NA,NA,0,NA,NA,NA,NA
060816100003000,NA,NA,7,NA,NA,NA,2,NA,NA,NA,NA
060816100003001,NA,NA,0,NA,NA,NA,0,NA,NA,NA,NA
060816100003009,NA,NA,0,NA,NA,NA,0,NA,NA,NA,NA
060816100003011,NA,NA,0,NA,NA,NA,0,NA,NA,NA,NA
060816101001011,NA,NA,0,NA,NA,NA,0,NA,NA,NA,NA
060816101001017,NA,NA,0,NA,NA,NA,0,NA,NA,NA,NA
060816101001025,NA,NA,0,NA,NA,NA,0,NA,NA,NA,NA
060816101002003,NA,NA,0,NA,NA,NA,0,NA,NA,NA,NA
060816102011001,NA,NA,0,NA,NA,NA,0,NA,NA,NA,NA
060816102011002,NA,NA,0,NA,NA,NA,0,NA,NA,NA,NA
060816102011003,NA,NA,0,NA,NA,NA,0,NA,NA,NA,NA
060816102011004,NA,NA,0,NA,NA,NA,0,NA,NA,NA,NA
060816102011005,NA,NA,0,NA,NA,NA,0,NA,NA,NA,NA
060816102011006,NA,NA,1,NA,NA,NA,1,NA,NA,NA,NA
060816102011007,NA,NA,2,NA,NA,NA,0,NA,NA,NA,NA
060816102011008,NA,NA,0,NA,NA,NA,0,NA,NA,NA,NA
060816102011011,NA,NA,10,NA,NA,NA,3,NA,NA,NA,NA
060816102011012,NA,NA,0,NA,NA,NA,0,NA,NA,NA,NA
060816102011014,NA,NA,0,NA,NA,NA,0,NA,NA,NA,NA
060816102012010,NA,NA,0,NA,NA,NA,0,NA,NA,NA,NA
060816102013002,NA,NA,0,NA,NA,NA,0,NA,NA,NA,NA
060816102013010,NA,NA,0,NA,NA,NA,0,NA,NA,NA,NA
060816102021000,NA,NA,0,NA,NA,NA,0,NA,NA,NA,NA
060816102021002,NA,NA,0,NA,NA,NA,0,NA,NA,NA,NA
060816102021005,NA,NA,8,NA,NA,NA,2,NA,NA,NA,NA
060816102021006,NA,NA,0,NA,NA,NA,0,NA,NA,NA,NA
060816102021007,NA,NA,0,NA,NA,NA,0,NA,NA,NA,NA
060816102021008,NA,NA,0,NA,NA,NA,0,NA,NA,NA,NA
060816102021009,NA,NA,0,NA,NA,NA,0,NA,NA,NA,NA
060816102021010,NA,NA,0,NA,NA,NA,0,NA,NA,NA,NA
060816102021011,NA,NA,0,NA,NA,NA,0,NA,NA,NA,NA
060816102021012,NA,NA,0,NA,NA,NA,0,NA,NA,NA,NA
060816102021013,NA,NA,0,NA,NA,NA,0,NA,NA,NA,NA
060816102021014,NA,NA,0,NA,NA,NA,0,NA,NA,NA,NA
060816102021015,NA,NA,0,NA,NA,NA,0,NA,NA,NA,NA
060816102021017,NA,NA,0,NA,NA,NA,0,NA,NA,NA,NA
060816102021022,NA,NA,0,NA,NA,NA,0,NA,NA,NA,NA
060816102021023,NA,NA,0,NA,NA,NA,0,NA,NA,NA,NA
060816102021024,NA,NA,0,NA,NA,NA,0,NA,NA,NA,NA
060816102021028,NA,NA,0,NA,NA,NA,0,NA,NA,NA,NA
060816102022001,NA,NA,0,NA,NA,NA,0,NA,NA,NA,NA
060816102022002,NA,NA,0,NA,NA,NA,0,NA,NA,NA,NA
060816102022004,NA,NA,0,NA,NA,NA,0,NA,NA,NA,NA
060816102022006,NA,NA,0,NA,NA,NA,0,NA,NA,NA,NA
060816102022007,NA,NA,0,NA,NA,NA,0,NA,NA,NA,NA
060816102022012,NA,NA,0,NA,NA,NA,0,NA,NA,NA,NA
060816102022013,NA,NA,0,NA,NA,NA,0,NA,NA,NA,NA
060816102022014,NA,NA,0,NA,NA,NA,0,NA,NA,NA,NA
060816102022015,NA,NA,0,NA,NA,NA,0,NA,NA,NA,NA
060816102022016,NA,NA,0,NA,NA,NA,0,NA,NA,NA,NA
060816102022019,NA,NA,0,NA,NA,NA,0,NA,NA,NA,NA
060816102022021,NA,NA,0,NA,NA,NA,0,NA,NA,NA,NA
060816102022022,NA,NA,0,NA,NA,NA,0,NA,NA,NA,NA
060816102022023,NA,NA,0,NA,NA,NA,0,NA,NA,NA,NA
060816102022024,NA,NA,0,NA,NA,NA,0,NA,NA,NA,NA
060816102022030,NA,NA,0,NA,NA,NA,0,NA,NA,NA,NA
060816102022032,NA,NA,0,NA,NA,NA,0,NA,NA,NA,NA
060816102022033,NA,NA,0,NA,NA,NA,0,NA,NA,NA,NA
060816102022036,NA,NA,2,NA,NA,NA,0,NA,NA,NA,NA
060816102022037,NA,NA,0,NA,NA,NA,0,NA,NA,NA,NA
060816102022038,NA,NA,0,NA,NA,NA,0,NA,NA,NA,NA
060816102022041,NA,NA,0,NA,NA,NA,0,NA,NA,NA,NA
060816102022044,NA,NA,0,NA,NA,NA,0,NA,NA,NA,NA
060816102022047,NA,NA,0,NA,NA,NA,0,NA,NA,NA,NA
060816102022048,NA,NA,0,NA,NA,NA,0,NA,NA,NA,NA
060816102022049,NA,NA,0,NA,NA,NA,0,NA,NA,NA,NA
060816102022051,NA,NA,0,NA,NA,NA,0,NA,NA,NA,NA
060816102022052,NA,NA,0,NA,NA,NA,0,NA,NA,NA,NA
060816102022053,NA,NA,0,NA,NA,NA,0,NA,NA,NA,NA
060816102022054,NA,NA,0,NA,NA,NA,0,NA,NA,NA,NA
060816102031000,NA,NA,0,NA,NA,NA,0,NA,NA,NA,NA
060816102031001,NA,NA,0,NA,NA,NA,0,NA,NA,NA,NA
060816102031011,NA,NA,7,NA,NA,NA,4,NA,NA,NA,NA
060816102031014,NA,NA,0,NA,NA,NA,0,NA,NA,NA,NA
060816102031015,NA,NA,1,NA,NA,NA,1,NA,NA,NA,NA
060816102031016,NA,NA,0,NA,NA,NA,0,NA,NA,NA,NA
060816102031017,NA,NA,0,NA,NA,NA,0,NA,NA,NA,NA
060816102031018,NA,NA,0,NA,NA,NA,0,NA,NA,NA,NA
060816102031021,NA,NA,0,NA,NA,NA,0,NA,NA,NA,NA
060816102031022,NA,NA,1,NA,NA,NA,1,NA,NA,NA,NA
060816102031023,NA,NA,0,NA,NA,NA,0,NA,NA,NA,NA
060816102031024,NA,NA,0,NA,NA,NA,0,NA,NA,NA,NA
060816102031025,NA,NA,0,NA,NA,NA,0,NA,NA,NA,NA
060816102031026,NA,NA,0,NA,NA,NA,0,NA,NA,NA,NA
060816102031027,NA,NA,0,NA,NA,NA,0,NA,NA,NA,NA
060816102031028,NA,NA,0,NA,NA,NA,0,NA,NA,NA,NA
060816102031030,NA,NA,0,NA,NA,NA,0,NA,NA,NA,NA
060816102031032,NA,NA,0,NA,NA,NA,0,NA,NA,NA,NA
060816102031033,NA,NA,0,NA,NA,NA,0,NA,NA,NA,NA
060816102031034,NA,NA,0,NA,NA,NA,0,NA,NA,NA,NA
060816102032000,NA,NA,0,NA,NA,NA,0,NA,NA,NA,NA
060816103021000,NA,NA,0,NA,NA,NA,0,NA,NA,NA,NA
060816103021001,NA,NA,0,NA,NA,NA,0,NA,NA,NA,NA
060816103021002,NA,NA,0,NA,NA,NA,0,NA,NA,NA,NA
060816103021003,NA,NA,0,NA,NA,NA,0,NA,NA,NA,NA
060816103021004,NA,NA,0,NA,NA,NA,0,NA,NA,NA,NA
060816103021006,NA,NA,0,NA,NA,NA,0,NA,NA,NA,NA
060816103021007,NA,NA,0,NA,NA,NA,0,NA,NA,NA,NA
060816103021008,NA,NA,32,NA,NA,NA,9,NA,NA,NA,NA
060816103021009,NA,NA,35,NA,NA,NA,15,NA,NA,NA,NA
060816103021010,NA,NA,0,NA,NA,NA,0,NA,NA,NA,NA
060816103021011,NA,NA,35,NA,NA,NA,12,NA,NA,NA,NA
060816103021012,NA,NA,18,NA,NA,NA,4,NA,NA,NA,NA
060816103021013,NA,NA,0,NA,NA,NA,0,NA,NA,NA,NA
060816103021016,NA,NA,45,NA,NA,NA,13,NA,NA,NA,NA
060816103021017,NA,NA,36,NA,NA,NA,10,NA,NA,NA,NA
060816103021018,NA,NA,0,NA,NA,NA,0,NA,NA,NA,NA
060816103021020,NA,NA,1,NA,NA,NA,1,NA,NA,NA,NA
060816103021024,NA,NA,44,NA,NA,NA,14,NA,NA,NA,NA
060816103021026,NA,NA,0,NA,NA,NA,0,NA,NA,NA,NA
060816103021027,NA,NA,0,NA,NA,NA,0,NA,NA,NA,NA
060816103021028,NA,NA,0,NA,NA,NA,0,NA,NA,NA,NA
060816103021030,NA,NA,0,NA,NA,NA,0,NA,NA,NA,NA
060816103021031,NA,NA,0,NA,NA,NA,0,NA,NA,NA,NA
060816103021032,NA,NA,0,NA,NA,NA,0,NA,NA,NA,NA
060816103021033,NA,NA,19,NA,NA,NA,4,NA,NA,NA,NA
060816103022000,NA,NA,0,NA,NA,NA,0,NA,NA,NA,NA
060816103022001,NA,NA,0,NA,NA,NA,0,NA,NA,NA,NA
060816103022002,NA,NA,0,NA,NA,NA,0,NA,NA,NA,NA
060816103022003,NA,NA,0,NA,NA,NA,0,NA,NA,NA,NA
060816103022004,NA,NA,0,NA,NA,NA,0,NA,NA,NA,NA
060816103022005,NA,NA,0,NA,NA,NA,0,NA,NA,NA,NA
060816103022006,NA,NA,0,NA,NA,NA,0,NA,NA,NA,NA
060816103022007,NA,NA,0,NA,NA,NA,0,NA,NA,NA,NA
060816103022008,NA,NA,0,NA,NA,NA,0,NA,NA,NA,NA
060816103022009,NA,NA,0,NA,NA,NA,0,NA,NA,NA,NA
060816103022010,NA,NA,0,NA,NA,NA,0,NA,NA,NA,NA
060816103022011,NA,NA,0,NA,NA,NA,0,NA,NA,NA,NA
060816103022012,NA,NA,0,NA,NA,NA,0,NA,NA,NA,NA
060816103022013,NA,NA,0,NA,NA,NA,0,NA,NA,NA,NA
060816103022017,NA,NA,0,NA,NA,NA,0,NA,NA,NA,NA
060816103022018,NA,NA,0,NA,NA,NA,0,NA,NA,NA,NA
060816103022019,NA,NA,0,NA,NA,NA,0,NA,NA,NA,NA
060816103022020,NA,NA,0,NA,NA,NA,0,NA,NA,NA,NA
060816103022021,NA,NA,0,NA,NA,NA,0,NA,NA,NA,NA
060816103022022,NA,NA,0,NA,NA,NA,0,NA,NA,NA,NA
060816103031014,NA,NA,0,NA,NA,NA,0,NA,NA,NA,NA
060816103032000,NA,NA,0,NA,NA,NA,0,NA,NA,NA,NA
060816103032001,NA,NA,0,NA,NA,NA,0,NA,NA,NA,NA
060816103032010,NA,NA,8,NA,NA,NA,2,NA,NA,NA,NA
060816103032022,NA,NA,0,NA,NA,NA,0,NA,NA,NA,NA
060816103033000,NA,NA,0,NA,NA,NA,0,NA,NA,NA,NA
060816103033001,NA,NA,0,NA,NA,NA,0,NA,NA,NA,NA
060816103033003,NA,NA,0,NA,NA,NA,0,NA,NA,NA,NA
060816103033014,NA,NA,0,NA,NA,NA,0,NA,NA,NA,NA
060816103034005,NA,NA,0,NA,NA,NA,0,NA,NA,NA,NA
060816103035000,NA,NA,0,NA,NA,NA,0,NA,NA,NA,NA
060816103041000,NA,NA,0,NA,NA,NA,0,NA,NA,NA,NA
060816103042000,NA,NA,0,NA,NA,NA,0,NA,NA,NA,NA
060816103042001,NA,NA,0,NA,NA,NA,0,NA,NA,NA,NA
060816103042006,NA,NA,0,NA,NA,NA,0,NA,NA,NA,NA
060816103042007,NA,NA,0,NA,NA,NA,0,NA,NA,NA,NA
060816103042008,NA,NA,0,NA,NA,NA,0,NA,NA,NA,NA
060816103042009,NA,NA,0,NA,NA,NA,0,NA,NA,NA,NA
060816103042010,NA,NA,0,NA,NA,NA,0,NA,NA,NA,NA
060816103042011,NA,NA,0,NA,NA,NA,0,NA,NA,NA,NA
060816103042012,NA,NA,0,NA,NA,NA,0,NA,NA,NA,NA
060816103042023,NA,NA,0,NA,NA,NA,0,NA,NA,NA,NA
060816103042025,NA,NA,0,NA,NA,NA,0,NA,NA,NA,NA
060816103043000,NA,NA,0,NA,NA,NA,0,NA,NA,NA,NA
060816103043006,NA,NA,0,NA,NA,NA,0,NA,NA,NA,NA
060816103043009,NA,NA,0,NA,NA,NA,0,NA,NA,NA,NA
060816103043010,NA,NA,0,NA,NA,NA,0,NA,NA,NA,NA
060816103043011,NA,NA,0,NA,NA,NA,0,NA,NA,NA,NA
060816103043012,NA,NA,0,NA,NA,NA,0,NA,NA,NA,NA
060816103043014,NA,NA,0,NA,NA,NA,0,NA,NA,NA,NA
060816103043015,NA,NA,0,NA,NA,NA,0,NA,NA,NA,NA
060816103043016,NA,NA,0,NA,NA,NA,0,NA,NA,NA,NA
060816103043017,NA,NA,0,NA,NA,NA,0,NA,NA,NA,NA
060816103043019,NA,NA,0,NA,NA,NA,0,NA,NA,NA,NA
060816103043020,NA,NA,0,NA,NA,NA,0,NA,NA,NA,NA
060816103043021,NA,NA,0,NA,NA,NA,0,NA,NA,NA,NA
060816103043022,NA,NA,0,NA,NA,NA,0,NA,NA,NA,NA
060816103043023,NA,NA,0,NA,NA,NA,0,NA,NA,NA,NA
060816103043024,NA,NA,0,NA,NA,NA,0,NA,NA,NA,NA
060816103043025,NA,NA,0,NA,NA,NA,0,NA,NA,NA,NA
060816103043026,NA,NA,0,NA,NA,NA,0,NA,NA,NA,NA
060816103043027,NA,NA,0,NA,NA,NA,0,NA,NA,NA,NA
060816103043028,NA,NA,0,NA,NA,NA,0,NA,NA,NA,NA
060816104001011,NA,NA,8,NA,NA,NA,2,NA,NA,NA,NA
060816104001012,NA,NA,0,NA,NA,NA,0,NA,NA,NA,NA
060816104002000,NA,NA,0,NA,NA,NA,0,NA,NA,NA,NA
060816105001001,NA,NA,0,NA,NA,NA,0,NA,NA,NA,NA
060816105001012,NA,NA,0,NA,NA,NA,0,NA,NA,NA,NA
060816105001014,NA,NA,0,NA,NA,NA,0,NA,NA,NA,NA
060816105002014,NA,NA,1,NA,NA,NA,0,NA,NA,NA,NA
060816107001000,NA,NA,0,NA,NA,NA,0,NA,NA,NA,NA
060816107001008,NA,NA,0,NA,NA,NA,0,NA,NA,NA,NA
060816107002000,NA,NA,0,NA,NA,NA,0,NA,NA,NA,NA
060816107002003,NA,NA,0,NA,NA,NA,0,NA,NA,NA,NA
060816107002006,NA,NA,0,NA,NA,NA,0,NA,NA,NA,NA
060816107002008,NA,NA,0,NA,NA,NA,0,NA,NA,NA,NA
060816107002015,NA,NA,0,NA,NA,NA,0,NA,NA,NA,NA
060816107003004,NA,NA,0,NA,NA,NA,0,NA,NA,NA,NA
060816107003005,NA,NA,0,NA,NA,NA,0,NA,NA,NA,NA
060816107004001,NA,NA,0,NA,NA,NA,0,NA,NA,NA,NA
060816107004007,NA,NA,0,NA,NA,NA,0,NA,NA,NA,NA
060816107004010,NA,NA,0,NA,NA,NA,0,NA,NA,NA,NA
060816111002012,NA,NA,1,NA,NA,NA,1,NA,NA,NA,NA
060816111002013,NA,NA,0,NA,NA,NA,0,NA,NA,NA,NA
060816111003009,NA,NA,0,NA,NA,NA,0,NA,NA,NA,NA
060816112001000,NA,NA,0,NA,NA,NA,0,NA,NA,NA,NA
060816112002002,NA,NA,0,NA,NA,NA,0,NA,NA,NA,NA
060816112002021,NA,NA,0,NA,NA,NA,0,NA,NA,NA,NA
060816113001000,NA,NA,0,NA,NA,NA,0,NA,NA,NA,NA
060816113001004,NA,NA,0,NA,NA,NA,0,NA,NA,NA,NA
060816113001005,NA,NA,0,NA,NA,NA,0,NA,NA,NA,NA
060816113001025,NA,NA,0,NA,NA,NA,0,NA,NA,NA,NA
060816113002001,NA,NA,0,NA,NA,NA,0,NA,NA,NA,NA
060816113002006,NA,NA,0,NA,NA,NA,0,NA,NA,NA,NA
060816113002007,NA,NA,0,NA,NA,NA,0,NA,NA,NA,NA
060816113002008,NA,NA,0,NA,NA,NA,0,NA,NA,NA,NA
060816113002009,NA,NA,0,NA,NA,NA,0,NA,NA,NA,NA
060816113002010,NA,NA,0,NA,NA,NA,0,NA,NA,NA,NA
060816113004006,NA,NA,0,NA,NA,NA,0,NA,NA,NA,NA
060816113004007,NA,NA,0,NA,NA,NA,0,NA,NA,NA,NA
060816113004010,NA,NA,0,NA,NA,NA,0,NA,NA,NA,NA
060819901000016,NA,NA,0,NA,NA,NA,0,NA,NA,NA,NA
060819901000017,NA,NA,0,NA,NA,NA,0,NA,NA,NA,NA
060819901000018,NA,NA,0,NA,NA,NA,0,NA,NA,NA,NA
060819901000022,NA,NA,0,NA,NA,NA,0,NA,NA,NA,NA
060819901000025,NA,NA,0,NA,NA,NA,0,NA,NA,NA,NA
